Face AP,IoU,Face Precision,Face Recall
0.9795736184227988,0.7553766804685856,0.5111111111111111,0.5111111111111111
